{
	"info": {
		"_postman_id": "c887fe81-db96-457d-b63a-823d87d4ba74",
		"name": "SpringBoot-Gestion de Bibliothèque",
		"schema": "https://schema.getpostman.com/json/collection/v2.1.0/collection.json"
	},
	"item": [
		{
			"name": "Ajouter Un Livre",
			"request": {
				"method": "POST",
				"header": [
					{
						"key": "Content-Type",
						"value": "application/json",
						"type": "text"
					}
				],
				"body": {
					"mode": "raw",
					"raw": "{\r\n    \"titre\": \"Le livre du mande\",\r\n\t\"maisonEdition\": \"EMSI\",\r\n\t\"dateSortie\": \"2022/01/01\",\r\n\t\"auteur\": \"Youssra\",\r\n\t\"nombrePages\": 200,\r\n\t\"isbn\": \"BDDH292810D\",\r\n\t\"dateDerniereConsultation\": \"2022/04/23\",\r\n\t\"statusDisponibilite\": true\r\n}"
				},
				"url": {
					"raw": "http://localhost:8080/emsi_api/livres",
					"protocol": "http",
					"host": [
						"localhost"
					],
					"port": "8080",
					"path": [
						"emsi_api",
						"livres"
					]
				}
			},
			"response": []
		},
		{
			"name": "Lister tous les livres par ordre croissant",
			"request": {
				"method": "GET",
				"header": [],
				"url": {
					"raw": "http://localhost:8080/emsi_api/livres",
					"protocol": "http",
					"host": [
						"localhost"
					],
					"port": "8080",
					"path": [
						"emsi_api",
						"livres"
					]
				}
			},
			"response": []
		},
		{
			"name": "Modifier un livre Qui a l'ID",
			"request": {
				"method": "PUT",
				"header": [
					{
						"key": "Content-Type",
						"value": "application/json",
						"type": "text"
					}
				],
				"body": {
					"mode": "raw",
					"raw": "{\r\n    \"titre\": \"Test\",\r\n\t\"dateSortie\": \"2022/02/20\",\r\n\t\"auteur\": \"Test v1\",\r\n\t\"nombrePages\": 30,\r\n\t\"dateDerniereConsultation\": \"2022/02/23\",\r\n\t\"statusDisponibilite\": false\r\n}"
				},
				"url": {
					"raw": "http://localhost:8080/emsi_api/livres/3",
					"protocol": "http",
					"host": [
						"localhost"
					],
					"port": "8080",
					"path": [
						"emsi_api",
						"livres",
						"3"
					]
				}
			},
			"response": []
		},
		{
			"name": "Afficher Un Livre Qui a l'ID",
			"request": {
				"method": "GET",
				"header": [],
				"url": {
					"raw": "http://localhost:8080/emsi_api/livres/3",
					"protocol": "http",
					"host": [
						"localhost"
					],
					"port": "8080",
					"path": [
						"emsi_api",
						"livres",
						"3"
					]
				}
			},
			"response": []
		},
		{
			"name": "Supprimer Un Livre Qui a l'ID",
			"request": {
				"method": "DELETE",
				"header": [],
				"url": {
					"raw": "http://localhost:8080/emsi_api/livres/3",
					"protocol": "http",
					"host": [
						"localhost"
					],
					"port": "8080",
					"path": [
						"emsi_api",
						"livres",
						"3"
					]
				}
			},
			"response": []
		}
	]
}